Ji-yeon,Kim,M,true,25,서울특별시 강남구 역삼동 123번지
Min-woo,Kim,F,false,32,서울특별시 관악구 봉천동 456번지
Ji-seok,Kim,F,true,28,서울특별시 강북구 미아동 789번지
Min-ji,Kim,M,true,40,서울특별시 강동구 천호동 101번지
Ji-hyun,Kim,M,false,36,서울특별시 구로구 구로동 202번지
Min-seo,Kim,F,false,42,서울특별시 노원구 상계동 303번지
Ji-won,Kim,F,true,30,서울특별시 성북구 종암동 404번지
Ji-ho,Kim,M,false,45,서울특별시 은평구 녹번동 505번지
Min-woo,Kim,M,true,35,서울특별시 서대문구 홍제동 606번지
Ji-hyun,Kim,F,false,29,서울특별시 금천구 시흥동 707번지
Min-seo,Kim,M,false,37,서울특별시 양천구 신월동 808번지
Ji-eun,Kim,F,true,31,서울특별시 도봉구 방학동 909번지
Ji-woo,Kim,M,true,33,서울특별시 강서구 방화동 111번지
Min-ji,Kim,F,false,39,서울특별시 중랑구 면목동 121번지
Ji-yoon,Kim,F,true,34,서울특별시 동대문구 장안동 131번지
Ji-soo,Kim,M,false,38,서울특별시 중구 신당동 141번지
Min-woo,Kim,M,true,29,서울특별시 용산구 이태원동 151번지
Ji-yoon,Kim,F,false,36,서울특별시 성동구 성수동 161번지
Ji-min,Kim,M,true,32,서울특별시 서초구 서초동 171번지
Ji-hyun,Kim,M,false,31,서울특별시 강남구 삼성동 181번지
Min-ji,Kim,F,false,40,서울특별시 송파구 가락동 191번지
Ji-eun,Kim,M,true,27,서울특별시 강동구 천호동 202번지
Ji-woo,Kim,F,true,26,서울특별시 마포구 연남동 212번지
Ji-yoon,Kim,M,false,33,서울특별시 서대문구 연희동 222번지
Ji-soo,Kim,F,true,35,서울특별시 은평구 진관동 232번지
Min-woo,Kim,M,true,30,서울특별시 강북구 번동 242번지
Ji-hyun,Kim,F,false,28,서울특별시 노원구 상계동 252번지
Min-seo,Kim,F,true,34,서울특별시 성북구 석관동 262번지
Ji-eun,Kim,M,false,31,서울특별시 동대문구 이문동 272번지
Ji-woo,Kim,F,true,29,서울특별시 중랑구 망우동 282번지
Ji-yoon,Kim,M,false,36,서울특별시 중구 신당동 292번지
Ji-soo,Kim,M,true,38,서울특별시 종로구 평창동 303번지
Min-woo,Kim,F,false,32,서울특별시 성동구 옥수동 313번지
Ji-hyun,Kim,F,true,30,서울특별시 용산구 이촌동 323번지
Min-seo,Kim,M,true,33,서울특별시 강동구 명일동 333번지
Ji-eun,Kim,F,false,35,서울특별시 송파구 송파동 343번지
Ji-woo,Kim,F,true,31,서울특별시 강서구 마곡동 353번지
Ji-yoon,Kim,M,false,29,서울특별시 양천구 목동 363번지
Ji-soo,Kim,F,true,34,서울특별시 구로구 구로동 373번지
Min-woo,Kim,M,false,28,서울특별시 강남구 개포동 383번지
Ji-hyun,Kim,M,true,36,서울특별시 서초구 방배동 393번지
Min-seo,Kim,M,false,30,서울특별시 강북구 번동 404번지
Ji-eun,Kim,F,true,27,서울특별시 노원구 상계동 414번지
Ji-woo,Kim,M,false,34,서울특별시 성북구 석관동 424번지
Ji-yoon,Kim,M,true,32,서울특별시 중랑구 면목동 434번지
Ji-soo,Kim,F,false,31,서울특별시 동대문구 장안동 444번지
Min-woo,Kim,M,true,33,서울특별시 강동구 천호동 454번지
Ji-hyun,Kim,F,false,29,서울특별시 강서구 방화동 464번지
Min-seo,Kim,F,true,28,서울특별시 마포구 서교동 474번지
Ji-eun,Kim,M,false,30,서울특별시 강남구 역삼동 484번지
Ji-woo,Kim,F,true,32,서울특별시 서초구 양재동 494번지
Ji-yoon,Kim,F,false,34,서울특별시 송파구 잠실동 505번지
Ji-soo,Kim,M,true,31,서울특별시 강동구 길동 515번지
Min-woo,Kim,F,false,33,서울특별시 성북구 하월곡동 525번지
Ji-hyun,Kim,M,true,27,서울특별시 도봉구 쌍문동 535번지
Min-seo,Kim,F,true,34,서울특별시 중랑구 망우동 545번지
Ji-eun,Kim,M,false,32,서울특별시 노원구 공릉동 555번지
Ji-woo,Kim,F,true,30,서울특별시 성동구 성수동 565번지
Ji-yoon,Kim,F,false,28,서울특별시 강북구 미아동 575번지
Ji-soo,Kim,M,true,29,서울특별시 은평구 녹번동 585번지
Min-woo,Kim,F,false,31,서울특별시 구로구 구로동 595번지
Ji-hyun,Kim,F,true,33,서울특별시 금천구 가산동 606번지
Min-seo,Kim,M,false,29,서울특별시 영등포구 당산동 616번지
Ji-eun,Kim,M,true,28,서울특별시 마포구 망원동 626번지
Ji-woo,Kim,F,false,32,서울특별시 강서구 화곡동 636번지
Ji-yoon,Kim,M,true,30,서울특별시 양천구 목동 646번지
Ji-soo,Kim,F,true,31,서울특별시 강남구 삼성동 656번지
Min-woo,Kim,M,false,27,서울특별시 강동구 상일동 666번지
Ji-hyun,Kim,M,true,28,서울특별시 송파구 거여동 676번지
Min-seo,Kim,F,true,29,서울특별시 강북구 번동 686번지
Ji-eun,Kim,M,false,31,서울특별시 성북구 석관동 696번지
Ji-woo,Kim,F,true,33,서울특별시 도봉구 방학동 707번지
Ji-yoon,Kim,F,false,30,서울특별시 노원구 상계동 717번지
Ji-soo,Kim,M,true,32,서울특별시 중랑구 망우동 727번지
Min-woo,Kim,M,true,28,서울특별시 동대문구 장안동 737번지
Ji-hyun,Kim,F,false,29,서울특별시 강남구 청담동 747번지
Min-seo,Kim,F,true,31,서울특별시 서초구 반포동 757번지
Ji-eun,Kim,M,false,27,서울특별시 강동구 성내동 767번지
Ji-woo,Kim,F,true,29,서울특별시 송파구 잠실동 777번지
Ji-yoon,Kim,M,false,30,서울특별시 강서구 마곡동 787번지
Ji-soo,Kim,F,true,32,서울특별시 양천구 목동 797번지
Min-woo,Kim,F,false,28,서울특별시 구로구 개봉동 808번지
Ji-hyun,Kim,M,true,29,서울특별시 금천구 독산동 818번지
Min-seo,Kim,M,false,31,서울특별시 강서구 방화동 828번지
Ji-eun,Kim,F,true,27,서울특별시 마포구 상암동 838번지
Ji-woo,Kim,M,false,29,서울특별시 서대문구 연희동 848번지
Ji-yoon,Kim,M,true,30,서울특별시 중구 신당동 858번지
Ji-soo,Kim,F,false,32,서울특별시 용산구 이촌동 868번지
Min-woo,Kim,M,true,28,서울특별시 동작구 노량진동 878번지
Ji-hyun,Kim,M,false,29,서울특별시 관악구 신림동 888번지
Min-seo,Kim,F,true,31,서울특별시 도봉구 쌍문동 898번지
Ji-eun,Kim,M,false,27,서울특별시 노원구 월계동 909번지
Ji-woo,Kim,F,true,29,서울특별시 중랑구 면목동 919번지
Ji-yoon,Kim,F,false,30,서울특별시 성북구 석관동 929번지
Ji-soo,Kim,M,true,32,서울특별시 동대문구 전농동 939번지
Min-woo,Kim,F,false,28,서울특별시 중랑구 신내동 949번지
Ji-hyun,Kim,M,true,29,서울특별시 성동구 행당동 959번지
Min-seo,Kim,M,false,31,서울특별시 강동구 천호동 969번지
Ji-eun,Kim,F,true,27,서울특별시 강남구 삼성동 979번지
Ji-woo,Kim,M,false,29,서울특별시 서초구 방배동 989번지
Ji-yoon,Kim,M,true,30,서울특별시 송파구 잠실동 999번지
Ji-soo,Kim,F,false,32,서울특별시 강동구 명일동 1001번지
Min-woo,Kim,F,true,28,서울특별시 영등포구 문래동 1011번지
Ji-hyun,Kim,M,false,29,서울특별시 마포구 서교동 1021번지
Min-seo,Kim,F,true,31,서울특별시 서대문구 신촌동 1031번지
Ji-eun,Kim,M,false,27,서울특별시 은평구 불광동 1041번지
Ji-woo,Kim,F,true,29,서울특별시 강북구 미아동 1051번지
Ji-yoon,Kim,F,false,59,서울특별시 도봉구 방학동 1061번지
Ji-soo,Kim,M,true,32,서울특별시 노원구 공릉동 1071번지
Min-woo,Kim,M,false,28,서울특별시 성북구 동선동 1081번지
Ji-hyun,Kim,F,true,29,서울특별시 강동구 성내동 1091번지
Min-seo,Kim,F,false,31,서울특별시 송파구 가락동 1101번지
Ji-eun,Kim,M,true,27,서울특별시 강서구 화곡동 1111번지
Ji-woo,Kim,F,false,29,서울특별시 구로구 개봉동 1121번지
Ji-yoon,Kim,M,true,30,서울특별시 금천구 가산동 1131번지
Ji-soo,Kim,F,false,32,서울특별시 영등포구 당산동 1141번지
Min-woo,Kim,M,true,28,서울특별시 동작구 상도동 1151번지
Ji-hyun,Kim,M,false,29,서울특별시 관악구 신림동 1161번지
Min-seo,Kim,F,true,31,서울특별시 도봉구 쌍문동 1171번지
Ji-eun,Kim,M,false,27,서울특별시 노원구 월계동 1181번지
Ji-woo,Kim,F,true,29,서울특별시 중랑구 면목동 1191번지
Ji-yoon,Kim,F,false,58,서울특별시 성북구 석관동 1201번지
Ji-soo,Kim,M,true,32,서울특별시 동대문구 전농동 1211번지
Min-woo,Kim,F,false,28,서울특별시 중랑구 신내동 1221번지
Ji-hyun,Kim,M,true,29,서울특별시 성동구 행당동 1231번지
Min-seo,Kim,M,false,31,서울특별시 강동구 천호동 1241번지
Ji-eun,Kim,F,true,27,서울특별시 강남구 삼성동 1251번지
Ji-woo,Kim,M,false,29,서울특별시 서초구 방배동 1261번지
Ji-yoon,Kim,M,true,30,서울특별시 송파구 잠실동 1271번지
Ji-soo,Kim,F,false,32,서울특별시 강동구 명일동 1281번지
Min-woo,Kim,F,true,28,서울특별시 영등포구 문래동 1291번지
Ji-hyun,Kim,M,false,29,서울특별시 마포구 서교동 1301번지
Min-seo,Kim,F,true,31,서울특별시 서대문구 신촌동 1311번지
Ji-eun,Kim,M,false,27,서울특별시 은평구 불광동 1321번지
Ji-woo,Kim,F,true,29,서울특별시 강북구 미아동 1331번지
Ji-yoon,Kim,F,false,30,서울특별시 도봉구 방학동 1341번지
Ji-soo,Kim,M,true,32,서울특별시 노원구 공릉동 1351번지
Min-woo,Kim,M,false,28,서울특별시 성북구 동선동 1361번지
Ji-hyun,Kim,F,true,29,서울특별시 강동구 성내동 1371번지
Min-seo,Kim,F,false,55,서울특별시 송파구 가락동 1381번지
Ji-eun,Kim,M,true,27,서울특별시 강서구 화곡동 1391번지
Ji-woo,Kim,F,false,29,서울특별시 구로구 개봉동 1401번지
Ji-yoon,Kim,M,true,30,서울특별시 금천구 가산동 1411번지
Ji-soo,Kim,F,false,32,서울특별시 영등포구 당산동 1421번지
Min-woo,Kim,M,true,28,서울특별시 동작구 상도동 1431번지
Ji-hyun,Kim,M,false,29,서울특별시 관악구 신림동 1441번지
Min-seo,Kim,F,true,31,서울특별시 도봉구 쌍문동 1451번지
Ji-eun,Kim,M,false,27,서울특별시 노원구 월계동 1461번지
Ji-woo,Kim,F,true,29,서울특별시 중랑구 면목동 1471번지
Ji-yoon,Kim,F,false,30,서울특별시 성북구 석관동 1481번지
Ji-soo,Kim,M,true,32,서울특별시 동대문구 전농동 1491번지
Min-woo,Kim,F,false,28,서울특별시 중랑구 신내동 1501번지
Ji-hyun,Kim,M,true,29,서울특별시 성동구 행당동 1511번지
Min-seo,Kim,M,false,31,서울특별시 강동구 천호동 1521번지
Ji-eun,Kim,F,true,27,서울특별시 강남구 삼성동 1531번지
Ji-woo,Kim,M,false,29,서울특별시 서초구 방배동 1541번지
Ji-yoon,Kim,M,true,30,서울특별시 송파구 잠실동 1551번지
Ji-soo,Kim,F,false,32,서울특별시 강동구 명일동 1561번지
Min-woo,Kim,F,true,28,서울특별시 영등포구 문래동 1571번지
Ji-hyun,Kim,M,false,29,서울특별시 마포구 서교동 1581번지
Min-seo,Kim,F,true,31,서울특별시 서대문구 신촌동 1591번지
Ji-eun,Kim,M,false,27,서울특별시 은평구 불광동 1601번지
Ji-woo,Kim,F,true,29,서울특별시 강북구 미아동 1611번지
Ji-yoon,Kim,F,false,30,서울특별시 도봉구 방학동 1621번지
Ji-soo,Kim,M,true,32,서울특별시 노원구 공릉동 1631번지
Min-woo,Kim,M,false,28,서울특별시 성북구 동선동 1641번지
Ji-hyun,Kim,F,true,29,서울특별시 강동구 성내동 1651번지
Min-seo,Kim,F,false,31,서울특별시 송파구 가락동 1661번지
Ji-eun,Kim,M,true,27,서울특별시 강서구 화곡동 1671번지
Ji-woo,Kim,F,false,29,서울특별시 구로구 개봉동 1681번지
Ji-yoon,Kim,M,true,30,서울특별시 금천구 가산동 1691번지
Ji-soo,Kim,F,false,32,서울특별시 영등포구 당산동 1701번지
Min-woo,Kim,M,true,28,서울특별시 동작구 상도동 1711번지
Ji-hyun,Kim,M,false,29,서울특별시 관악구 신림동 1721번지
Min-seo,Kim,F,true,14,서울특별시 도봉구 쌍문동 1731번지
Ji-eun,Kim,M,false,27,서울특별시 노원구 월계동 1741번지
Ji-woo,Kim,F,true,29,서울특별시 중랑구 면목동 1751번지
Ji-yoon,Kim,F,false,30,서울특별시 성북구 석관동 1761번지
Ji-soo,Kim,M,true,32,서울특별시 동대문구 전농동 1771번지
Min-woo,Kim,F,false,28,서울특별시 중랑구 신내동 1781번지
Ji-hyun,Kim,M,true,29,서울특별시 성동구 행당동 1791번지
Min-seo,Kim,M,false,31,서울특별시 강동구 천호동 1801번지
Ji-eun,Kim,F,true,27,서울특별시 강남구 삼성동 1811번지
Ji-woo,Kim,M,false,29,서울특별시 서초구 방배동 1821번지
Ji-yoon,Kim,M,true,30,서울특별시 송파구 잠실동 1831번지
Ji-soo,Kim,F,false,32,서울특별시 강동구 명일동 1841번지
Min-woo,Kim,F,true,28,서울특별시 영등포구 문래동 1851번지
Ji-hyun,Kim,M,false,29,서울특별시 마포구 서교동 1861번지
Min-seo,Kim,F,true,31,서울특별시 서대문구 신촌동 1871번지
Ji-eun,Kim,M,false,27,서울특별시 은평구 불광동 1881번지
Ji-woo,Kim,F,true,29,서울특별시 강북구 미아동 1891번지
Ji-yoon,Kim,F,false,30,서울특별시 도봉구 방학동 1901번지
Ji-soo,Kim,M,true,32,서울특별시 노원구 공릉동 1911번지
Min-woo,Kim,M,false,28,서울특별시 성북구 동선동 1921번지
Ji-hyun,Kim,F,true,29,서울특별시 강동구 성내동 1931번지
Min-seo,Kim,F,false,31,서울특별시 송파구 가락동 1941번지
Ji-eun,Kim,M,true,27,서울특별시 강서구 화곡동 1951번지
Ji-woo,Kim,F,false,29,서울특별시 구로구 개봉동 1961번지
Ji-yoon,Kim,M,true,30,서울특별시 금천구 가산동 1971번지
Ji-soo,Kim,F,false,32,서울특별시 영등포구 당산동 1981번지
Min-woo,Kim,M,true,28,서울특별시 동작구 상도동 1991번지
Ji-hyun,Kim,M,false,13,서울특별시 관악구 신림동 2000번지