Min-seo,Kim,F,false,38
Ji-hoon,Lee,M,true,26
Hye-jin,Kim,F,true,41
Min-gyu,Park,M,false,34
Ji-eun,Lim,F,true,29
Ji-yoon,Choi,F,false,30
Seung-woo,Kang,M,true,45
Soo-jin,Han,F,false,43
Min-ho,Oh,M,true,36
Ji-won,Kim,F,true,32
Ji-ah,Hwang,F,false,28
Ji-hyun,Yoo,F,true,25
Ji-seok,Lee,M,false,51
Min-ji,Ahn,F,false,35
Hye-ri,Park,F,true,40
Min-seok,Jung,M,false,47
Ji-soo,Kwak,F,false,39
Min-ah,Kim,F,false,31
Ji-won,Han,F,true,22
Min-jae,Choi,M,true,33
Ji-eun,Kwon,F,true,27
Seung-hyun,Choi,M,false,44
Ji-yeon,Lee,F,true,37
Seo-jin,Lim,F,false,46
Hye-jin,Seo,F,false,42
Ji-yoon,Kwon,F,true,36
Min-gi,Lee,M,false,49
Ji-won,Han,F,false,30
Min-ji,Han,F,true,24
Ji-hwan,Jeong,M,false,50
Ji-hoon,Park,M,true,23
Hye-ri,Kim,F,true,29
Ji-yoon,Kang,F,false,48
Min-ah,Lim,F,false,26
Ji-hyun,Choi,F,true,38
Min-seo,Kim,F,true,37
Ji-eun,Jeong,F,false,27
Seung-woo,Lee,M,false,41
Ji-won,Lim,F,true,33
Min-gi,Choi,M,true,35
Ji-yoon,Kim,F,false,31
Hye-ri,Lee,F,false,44
Min-seok,Kim,M,true,46
Ji-eun,Park,F,false,28
Hye-jin,Lee,F,true,39
Ji-soo,Kim,F,true,34
Min-ah,Choi,F,false,29
Ji-hwan,Park,M,false,52
Ji-hyun,Han,F,false,45
Min-ji,Kang,F,true,25
Ji-woo,Lee,F,true,22
Hye-jin,Lee,F,false,41
Ji-seok,Kim,M,true,48
Min-ji,Lim,F,false,32
Ji-yoon,Kim,F,true,27
Hye-ri,Lee,F,false,50
Ji-hye,Choi,F,false,39
Min-ah,Kang,F,true,28
Ji-won,Lee,F,false,26
Min-seo,Kim,F,true,47
Ji-eun,Park,F,true,23
Hye-jin,Lee,F,false,40
Ji-soo,Jeong,F,true,35
Min-seok,Kim,M,false,38
Ji-yoon,Lee,F,true,31
Hye-ri,Kim,F,true,46
Ji-hwan,Kim,M,false,33
Ji-hyun,Lee,F,false,29
Min-ji,Lim,F,true,44
Ji-woo,Kang,F,false,26
Hye-jin,Park,F,false,43
Ji-seok,Choi,M,true,51
Min-seo,Park,F,true,36
Ji-hye,Lim,F,false,37
Min-gi,Lee,M,false,49
Ji-won,Choi,F,true,30
Hye-jin,Park,F,false,45
Ji-yoon,Kim,F,false,41
Hye-ri,Jeong,F,false,42
Ji-eun,Seo,F,true,24
Min-seok,Kim,M,true,38
Ji-soo,Han,F,true,29
Min-ji,Lee,F,true,33
Ji-yoon,Lee,F,true,31
Hye-jin,Kim,F,false,50
Ji-hwan,Park,M,true,32
Ji-hyun,Jeong,F,false,27
Min-ah,Kim,F,true,35
Ji-won,Choi,F,false,25
Min-seo,Kim,F,false,45
Ji-eun,Park,F,true,23
Hye-jin,Lee,F,true,39
Ji-soo,Lee,F,false,47
Min-seok,Lim,M,false,40
Ji-yoon,Kim,F,false,36
Hye-ri,Kim,F,true,48
Ji-hwan,Kim,M,false,43
Ji-hyun,Kim,F,true,29
Min-ji,Lee,F,false,44
Ji-woo,Lim,F,false,28
Hye-jin,Choi,F,true,42
Ji-seok,Lee,M,true,49
Min-ji,Park,F,false,34
Ji-yoon,Kim,F,true,25
Hye-ri,Lim,F,false,51
Ji-won,Choi,F,false,30
Min-seo,Lee,F,true,41
Ji-eun,Jeong,F,true,27
Hye-jin,Lee,F,false,38
Ji-soo,Kim,F,false,35
Min-ah,Kim,F,true,28
Ji-won,Choi,F,true,24
Min-seo,Lee,F,false,43
Ji-eun,Park,F,false,31
Hye-jin,Seo,F,true,22
Ji-soo,Han,F,true,39
Min-ji,Lee,F,true,32
Ji-yoon,Lee,F,false,27
Hye-jin,Park,F,false,46
Ji-hwan,Kim,M,true,34
Ji-hyun,Jeong,F,false,40
Min-ah,Kim,F,true,31
Ji-won,Lee,F,true,26
Min-seo,Kim,F,false,47
Ji-eun,Park,F,true,22
Hye-jin,Lee,F,true,40
Ji-soo,Lee,F,false,29
Min-seok,Lim,M,false,41
Ji-yoon,Kim,F,true,24
Hye-ri,Kim,F,true,44
Ji-hwan,Kim,M,false,32
Ji-hyun,Kim,F,false,27
Min-ji,Lee,F,false,43
Ji-woo,Lim,F,false,30
Hye-jin,Choi,F,true,46
Ji-seok,Lee,M,true,53
Min-ji,Park,F,false,38
Ji-yoon,Kim,F,true,25
Hye-ri,Lim,F,false,49
Ji-won,Choi,F,false,34
Min-seo,Lee,F,true,45
Ji-eun,Jeong,F,true,29
Hye-jin,Lee,F,false,36
Ji-soo,Kim,F,false,33
Min-ah,Kim,F,true,26
Ji-won,Choi,F,true,23
Min-seo,Lee,F,false,40
Ji-eun,Park,F,false,33
Hye-jin,Seo,F,true,24
Ji-soo,Han,F,true,41
Min-ji,Lee,F,true,30
Ji-yoon,Lee,F,false,25
Hye-jin,Park,F,false,42
Ji-hwan,Kim,M,true,35
Ji-hyun,Jeong,F,false,41
Min-ah,Kim,F,true,34
Ji-won,Lee,F,true,27
Min-seo,Kim,F,false,50
Ji-eun,Park,F,true,28
Hye-jin,Lee,F,true,41
Ji-soo,Lee,F,false,30
Min-seok,Lim,M,false,37
Ji-yoon,Kim,F,true,22
Hye-ri,Kim,F,true,45
Ji-hwan,Kim,M,false,30
Ji-hyun,Kim,F,true,26
Min-ji,Lee,F,false,41
Ji-woo,Lim,F,false,36
Hye-jin,Choi,F,true,49
Ji-seok,Lee,M,true,54
Min-ji,Park,F,false,32
Ji-yoon,Kim,F,true,27
Hye-ri,Lim,F,false,53
Ji-won,Choi,F,false,40
Min-seo,Lee,F,true,49
Ji-eun,Jeong,F,true,34
Hye-jin,Lee,F,false,37
Ji-soo,Kim,F,false,35
Min-ah,Kim,F,true,30
Ji-won,Choi,F,true,29
Min-seo,Lee,F,false,46
Ji-eun,Park,F,false,35
Hye-jin,Seo,F,true,26
Ji-soo,Han,F,true,43
Min-ji,Lee,F,true,38
Ji-yoon,Lee,F,false,33
Hye-jin,Park,F,false,48
Ji-hwan,Kim,M,true,31
Ji-hyun,Jeong,F,false,37
Min-ah,Kim,F,true,32
Ji-won,Lee,F,true,25
Min-seo,Kim,F,false,49
Ji-eun,Park,F,true,26
Hye-jin,Lee,F,true,38
Ji-soo,Lee,F,false,33
Min-seok,Lim,M,false,38
Ji-yoon,Kim,F,true,22
Hye-ri,Kim,F,true,45
Ji-hwan,Kim,M,false,30
Ji-hyun,Kim,F,true,26
Min-ji,Lee,F,false,41
Ji-woo,Lim,F,false,36
Hye-jin,Choi,F,true,49
Ji-seok,Lee,M,true,54
Min-ji,Park,F,false,32
Ji-yoon,Kim,F,true,27
Hye-ri,Lim,F,false,53
Ji-won,Choi,F,false,40
Min-seo,Lee,F,true,49
Ji-eun,Jeong,F,true,34
Hye-jin,Lee,F,false,37
Ji-soo,Kim,F,false,35
Min-ah,Kim,F,true,30
Ji-won,Choi,F,true,29
Min-seo,Lee,F,false,46
Ji-eun,Park,F,false,35
Hye-jin,Seo,F,true,26
Ji-soo,Han,F,true,43
Min-ji,Lee,F,true,38
Ji-yoon,Lee,F,false,33
Hye-jin,Park,F,false,48
Ji-hwan,Kim,M,true,31
Ji-hyun,Jeong,F,false,37
Min-ah,Kim,F,true,32
Ji-won,Lee,F,true,25
Min-seo,Kim,F,false,49
Ji-eun,Park,F,true,26
Hye-jin,Lee,F,true,38
Ji-soo,Lee,F,false,33
Min-seok,Lim,M,false,38
Ji-yoon,Kim,F,true,22
Hye-ri,Kim,F,true,45
Ji-hwan,Kim,M,false,30
Ji-hyun,Kim,F,true,26
Min-ji,Lee,F,false,41
Ji-woo,Lim,F,false,36
Hye-jin,Choi,F,true,49
Ji-seok,Lee,M,true,54